Sensor,Average,Minimum,Maximum
Temperature,24.9941335034686,6.156082067,44.23356139
Distance,124.468269429444,50.00853254,199.9940823
Battery,55.305531716751005,10.03341466,99.99695748
Humidity,49.644744185071,20.00598363,79.99522669
---,---,---,---
Time of Max Temp,nan,-,44.23356139
Battery <30% Count,2215,-,-
